passageId,sourceId,repoUrl,commitSha,fileSha256,filePath,juan,section,pbMarker,textualLayer,passageChinese,translation,retrievedAt,projectOwnedVerification,projectOwnedNote
tq-j2-wuyue,taiqing-shenjian,https://github.com/kanripo/KR3g0045,b3e5b69beb95f575bb47e9eaed1e6aadd23bffe5,bdacf64e6dbd7dc9f9a4058137b057355862a65b3227e79b8cd8afef443492a9,KR3g0045_002.txt,卷二,五嶽,<pb:KR3g0045_WYG_002-17b> to <pb:KR3g0045_WYG_002-18a>,base-text,"五嶽者上應天之五星下鎮地之五方髙峻敦厚所以卓然立於乾坤之内者以其相資而成天地之大也人亦有所像焉故額為衡嶽欲得方而廣頷為恒嶽欲得圓而厚左顴為泰嶽右顴為華嶽左右欲得圓而正鼻為嵩嶽欲得髙而峻故五嶽須要豐隆而相朝髙峻而不陷乃相之貴矣(人倫風鑑同)","The Five Peaks correspond above to heaven's five stars and below anchor earth's five directions; lofty and substantial, they stand distinct within creation because they mutually support one another and so complete the greatness of heaven and earth. The human form likewise has an image of this. Thus the forehead is Heng peak, wanting to be square and broad; the han (lower jaw) is Heng(perm) peak, wanting to be round and thick; the left cheekbone is Tai peak, the right cheekbone is Hua peak, both wanting to be round and upright; the nose is Song peak, wanting to be high and steep. Therefore the Five Peaks must be full and mutually facing, lofty and not sunken; this is a noble physiognomy. (The Renlun fengjian agrees.)",2026-08-27T02:16:47Z,VERIFIED,"contiguous byte-for-byte match under the claimed <pb:> marker"
tq-j2-sidu,taiqing-shenjian,https://github.com/kanripo/KR3g0045,b3e5b69beb95f575bb47e9eaed1e6aadd23bffe5,bdacf64e6dbd7dc9f9a4058137b057355862a65b3227e79b8cd8afef443492a9,KR3g0045_002.txt,卷二,四瀆,<pb:KR3g0045_WYG_002-18a> to <pb:KR3g0045_WYG_002-18b>,base-text,"地之四瀆者所以相朝以接其流通人之形貎亦有像焉且鼻為濟目為淮耳為江口為河故四瀆欲得端直清大眀浄流暢涯岸成就者則應於神故貴而多智也若夫醜而不端則為愚人毁而陷者則為賤類也(人倫風鑑同)","Earth's Four Watercourses mutually face one another so as to join their flow. The human form likewise has an image of this: the nose is Ji, the eye is Huai, the ear is Jiang, the mouth is He. Thus the Four Watercourses should be upright, clear, large, bright, clean, flowing freely, with formed banks; then they answer to Shen, hence noble and of much wit. If ugly and not upright, a foolish person; if damaged and sunken, a base sort. (The Renlun fengjian agrees.)",2026-08-27T02:16:47Z,VERIFIED,"contiguous byte-for-byte match under the claimed <pb:> marker"
tq-j2-wuguan,taiqing-shenjian,https://github.com/kanripo/KR3g0045,b3e5b69beb95f575bb47e9eaed1e6aadd23bffe5,bdacf64e6dbd7dc9f9a4058137b057355862a65b3227e79b8cd8afef443492a9,KR3g0045_002.txt,卷二,五官,<pb:KR3g0045_WYG_002-18b>,base-text,"五官者目為鑒察官鼻為審辨官口為出納官耳為採聽官眉為保夀官五者欲得清而秀豐而隆或一官好則貴十年或有缺陷者及醜惡者㐫","The Five Officers: the eye is the Inspecting Officer, the nose the Discriminating Officer, the mouth the Intake-and-Issue Officer, the ear the Gathering-and-Listening Officer, the eyebrow the Longevity-Preserving Officer. The five should be clear and fine, full and prominent. If one officer is good, ten years of rank; if any is defective or ugly, ill fortune.",2026-08-27T02:16:47Z,VERIFIED,"contiguous byte-for-byte match under the claimed <pb:> marker"
tq-j5-mianbu-santing,taiqing-shenjian,https://github.com/kanripo/KR3g0045,b3e5b69beb95f575bb47e9eaed1e6aadd23bffe5,b02b8bee6fd5cbabe98f0e064f3487d3585019e10b0b5fe1efcb559f46d33dc7,KR3g0045_005.txt,卷五,論靣部,<pb:KR3g0045_WYG_005-7b> to <pb:KR3g0045_WYG_005-8a>,base-text,"靣之三停自髪際下至眉間為上停自眉間至鼻凖為中停自凖人中至頰為下停夫三停者以像三才也上像天中像人下像地上停長而豐隆方而廣濶者主貴中停隆而凖峻而静者主壽也下停方而滿端而厚者主富也若上停尖狭缺陷者主多刑厄之灾妨尅父母卑賤之相也中停短小偏塌者主不義不仁智識短少不得兄弟妻兒之力亦中年破散也下停長而狭尖而薄者主無田宅一生貧苦而艱辛也三停皆稱乃上相之人矣","The face's three sections: from the hairline down to between the brows is the upper section; from between the brows to the nose-tip is the middle section; from the tip and philtrum to the cheeks/jaw is the lower section. The three sections image the Three Powers: upper images heaven, middle images man, lower images earth. An upper section long, full, square and broad governs rank; a middle section full with the tip steep and composed governs longevity; a lower section square, full, upright and thick governs wealth. If the upper is pointed, narrow or defective it governs much punishment and calamity, harm to parents, a lowly physiognomy. If the middle is short, small, lopsided or collapsed it governs unrighteousness and inhumanity, scant wit, no support from brothers, wife or children, and midlife dispersal. If the lower is long and narrow, pointed and thin, it governs no fields or dwelling, a life of poverty and hardship. When all three sections are proportionate, this is a person of superior physiognomy.",2026-08-27T02:16:47Z,VERIFIED,"contiguous byte-for-byte match under the claimed <pb:> marker"
tq-j6-shen-santing,taiqing-shenjian,https://github.com/kanripo/KR3g0045,b3e5b69beb95f575bb47e9eaed1e6aadd23bffe5,d9ba7fbfe9c6422a5cec36ae134d693d95cc7cfd036674bddf3996aab6a7ca35,KR3g0045_006.txt,卷六,三停,<pb:KR3g0045_WYG_006-6a> to <pb:KR3g0045_WYG_006-6b>,base-text,"上停長者大吉昌中停長者近君王下停長者皆庸俗逺走他方主不良　又云身三停相稱及上下匀稠則為富貴之人也上長下短背聳三山則為公卿之位上短下長腰身怯薄一生奔走貧苦之輩矣","One whose upper section is long: great auspiciousness. One whose middle section is long: close to the sovereign. One whose lower section is long: all common and vulgar, travelling far to other regions, portending ill. It is also said: if the body's three sections are proportionate and upper and lower evenly substantial, this is a person of wealth and rank. Upper long and lower short with the back rising in three ridges: the position of a high minister. Upper short and lower long with a timid thin waist and body: one of a lifetime of running about in poverty and hardship.",2026-08-27T02:16:47Z,VERIFIED,"contiguous byte-for-byte match under the claimed <pb:> marker"
tq-j1-shuoge-xiangcheng,taiqing-shenjian,https://github.com/kanripo/KR3g0045,b3e5b69beb95f575bb47e9eaed1e6aadd23bffe5,c8f0b607e00a9e2d02bf788dc2c6c820714351228f8ec820cbf389861ea0ed3c,KR3g0045_001.txt,卷一,說歌,<pb:KR3g0045_WYG_001-2a>,base-text,"不露不麄不枯槁三停大體求相稱","Not exposed, not coarse, not withered; the three sections broadly seek proportion.",2026-08-27T02:16:47Z,VERIFIED,"contiguous byte-for-byte match under the claimed <pb:> marker"
tq-j1-miaojue-xiangying,taiqing-shenjian,https://github.com/kanripo/KR3g0045,b3e5b69beb95f575bb47e9eaed1e6aadd23bffe5,c8f0b607e00a9e2d02bf788dc2c6c820714351228f8ec820cbf389861ea0ed3c,KR3g0045_001.txt,卷一,相法妙訣,<pb:KR3g0045_WYG_001-6b>,base-text,"相人形貎有多般須辨三停端不端五嶽四瀆要相應","In reading human form there are many kinds; one must discern whether the three sections are upright or not; the Five Peaks and Four Watercourses must correspond to one another.",2026-08-27T02:16:47Z,VERIFIED,"contiguous byte-for-byte match under the claimed <pb:> marker"
tq-j1-sidu-cosmological,taiqing-shenjian,https://github.com/kanripo/KR3g0045,b3e5b69beb95f575bb47e9eaed1e6aadd23bffe5,c8f0b607e00a9e2d02bf788dc2c6c820714351228f8ec820cbf389861ea0ed3c,KR3g0045_001.txt,卷一,說歌,<pb:KR3g0045_WYG_001-1a>,base-text,"五嶽四瀆皆有神金木水火土為分","The Five Peaks and Four Watercourses all have Shen; metal wood water fire earth make the divisions.",2026-08-27T02:16:47Z,VERIFIED,"contiguous byte-for-byte match under the claimed <pb:> marker"
tq-j3-lunxin-zeshu,taiqing-shenjian,https://github.com/kanripo/KR3g0045,b3e5b69beb95f575bb47e9eaed1e6aadd23bffe5,fd37503591c2a4cf1c8f0d3926122c9c2f0cff84119ca064b4c09bd52e98357b,KR3g0045_003.txt,卷三,心術論,<pb:KR3g0045_WYG_003-1b>,base-text,"此古人有論心擇術之戒也","This is the ancients' admonition on assessing the mind and choosing one's method.",2026-08-27T02:16:47Z,VERIFIED,"contiguous byte-for-byte match under the claimed <pb:> marker"
yb-j1-heyue,yuebo-dongzhongji,https://github.com/kanripo/KR3g0043,f69732902fc82fb6b1f759cb7bf5a910c0b903a3,0949bfb991e41969459bb33d18486afb1af75c1c317c013f12792a9fc8647d87,KR3g0043_001.txt,卷上,河嶽,<pb:KR3g0043_WYG_001-5a> to <pb:KR3g0043_WYG_001-5b>,base-text,"凡相人靣五嶽欲其相朝四瀆欲其不混形神備足富貴之相所謂五嶽者頥為恒嶽額為衡嶽鼻為嵩嶽左顴為泰嶽右顴為華嶽所謂四瀆者眼為淮耳為江口為河鼻為濟髙成曰嶽深厚曰瀆嶽欲成而瀆欲清","In reading a human face, the Five Peaks should mutually face one another and the Four Watercourses should not be muddled; form and Shen complete, a physiognomy of wealth and rank. The so-called Five Peaks: the yi (jaw) is Heng(perm) peak, the forehead is Heng peak, the nose is Song peak, the left cheekbone is Tai peak, the right cheekbone is Hua peak. The so-called Four Watercourses: the eye is Huai, the ear is Jiang, the mouth is He, the nose is Ji. What rises high is called a peak; what is deep and substantial is called a watercourse. Peaks should be well-formed and watercourses should be clear.",2026-08-27T02:16:47Z,VERIFIED,"contiguous byte-for-byte match under the claimed <pb:> marker"
yb-j2-wuyue-similes,yuebo-dongzhongji,https://github.com/kanripo/KR3g0043,f69732902fc82fb6b1f759cb7bf5a910c0b903a3,2a8081bd08e903fbe4663fa6ff07e4cd79e4469653f4d32644d84062e30c3251,KR3g0043_002.txt,卷下,(五嶽及有小氣所管屬者),<pb:KR3g0043_WYG_002-10a> to <pb:KR3g0043_WYG_002-10b>,base-text,"五嶽及有小氣所管屬者衡如滿月南嶽泰如鷄卵東嶽華若方銀西嶽嵩若髙發中嶽恒如倒提北嶽五嶽全者及餘皆好無剋陷者食禄主貴","The Five Peaks and the minor qi they govern: Heng like a full moon (South Peak); Tai like a hen's egg (East Peak); Hua like squared silver (West Peak); Song like a high crown (Centre Peak); Heng(perm) like an inverted lift (North Peak). One whose Five Peaks are complete and whose remainder is all good, without clashing or sinking, receives emolument and governs rank.",2026-08-27T02:16:47Z,VERIFIED,"contiguous byte-for-byte match under the claimed <pb:> marker"
yb-j2-jiuzhou-colour,yuebo-dongzhongji,https://github.com/kanripo/KR3g0043,f69732902fc82fb6b1f759cb7bf5a910c0b903a3,2a8081bd08e903fbe4663fa6ff07e4cd79e4469653f4d32644d84062e30c3251,KR3g0043_002.txt,卷下,(九州),<pb:KR3g0043_WYG_002-10b>,base-text,"雍州白色常潤冀州青黒色主酒色上亡兖州青紅色主吉昌青州青色吉豫州黄色吉","Yong province: white colour, constantly moist. Ji province: blue-black colour, governs death through wine and lust. Yan province: blue-red colour, governs auspiciousness. Qing province: blue colour, auspicious. Yu province: yellow colour, auspicious.",2026-08-27T02:16:47Z,VERIFIED,"contiguous byte-for-byte match under the claimed <pb:> marker"
rl-j1-sidu,renlun-datongfu,https://github.com/kanripo/KR3g0046,b408ea0b969672a1f52e5ec371f9fe3250976e58,61234896eb42479e01e9629042564137a64fdf465c459a4e8d7da2437adada2f,KR3g0046_001.txt,卷上,四瀆,<pb:KR3g0046_WYG_001-10b> to <pb:KR3g0046_WYG_001-11a>,xue-yannian-commentary,"四瀆須宜深且闊(四瀆者耳為江口為河眼為淮鼻為濟四瀆須宜深闊崖岸有川流之形不欲汗漫破缺在天地者江淮河濟在人者眼鼻口耳)","The Four Watercourses should be deep and broad. [Commentary:] The Four Watercourses — the ear is Jiang, the mouth is He, the eye is Huai, the nose is Ji. They should be deep and broad, with banks having the form of a flowing stream, not wanting to be diffuse, broken or deficient. In heaven and earth they are Jiang, Huai, He, Ji; in man they are eye, nose, mouth, ear.",2026-08-27T02:16:47Z,VERIFIED_WITH_TRANSCRIPTION_NOTE,"reading-through: dossier quote flattens Mandoku double-column notes and reads across interlinear glosses; every substantive run present under the marker in order (see RESEARCH_ERRATA.md T)"
rl-j1-wuyue,renlun-datongfu,https://github.com/kanripo/KR3g0046,b408ea0b969672a1f52e5ec371f9fe3250976e58,61234896eb42479e01e9629042564137a64fdf465c459a4e8d7da2437adada2f,KR3g0046_001.txt,卷上,五嶽,<pb:KR3g0046_WYG_001-11a>,xue-yannian-commentary,"五嶽必要穹與隆(五嶽者額為南嶽衡山鼻為中嶽嵩山頦為北嶽恒山左顴為東嶽㤗山右顴為西嶽華山五嶽俱要豐隆有峻極之勢)(萬金秘語云南嶽如滿月㤗如雞卵華如方銀嵩高發恒如倒提五嶽全者及其餘皆好無尅陷者食祿主貴)","The Five Peaks must be vaulted and swelling. [Commentary:] The Five Peaks — the forehead is South Peak Mt Heng, the nose is Centre Peak Mt Song, the ke (chin) is North Peak Mt Heng(perm), the left cheekbone is East Peak Mt Tai, the right cheekbone is West Peak Mt Hua. All five should be full and swelling with a soaring posture. [Further commentary:] The Wanjin miyu says: South Peak like a full moon, Tai like a hen's egg, Hua like squared silver, Song a high crown, Heng(perm) like an inverted lift. One whose Five Peaks are complete and whose remainder is all good, without clashing or sinking, receives emolument and governs rank.",2026-08-27T02:16:47Z,VERIFIED_WITH_TRANSCRIPTION_NOTE,"reading-through: dossier quote flattens Mandoku double-column notes and reads across interlinear glosses; every substantive run present under the marker in order (see RESEARCH_ERRATA.md T)"
rl-j1-wuguan,renlun-datongfu,https://github.com/kanripo/KR3g0046,b408ea0b969672a1f52e5ec371f9fe3250976e58,61234896eb42479e01e9629042564137a64fdf465c459a4e8d7da2437adada2f,KR3g0046_001.txt,卷上,五官,<pb:KR3g0046_WYG_001-11a> to <pb:KR3g0046_WYG_001-11b>,xue-yannian-commentary,"五官(荀子注司主也又識也)欲其明而正(五官者一口二鼻三耳四目五人中欲其明而端正不宜孤露偏斜　眼為監察官耳為審聽官鼻為嗅臭官口為出納官人中為保夀官)","The Five Officers [gloss: per the commentary on Xunzi, 'officer' means to superintend, also to discern] should be bright and upright. [Commentary:] The Five Officers — first the mouth, second the nose, third the ear, fourth the eye, fifth the philtrum. They should be bright and upright, not solitary, exposed, lopsided or slanting. The eye is the Supervising-Inspecting Officer, the ear the Examining-Listening Officer, the nose the Smelling Officer, the mouth the Intake-and-Issue Officer, the philtrum the Longevity-Preserving Officer.",2026-08-27T02:16:47Z,VERIFIED_WITH_TRANSCRIPTION_NOTE,"reading-through: dossier quote flattens Mandoku double-column notes and reads across interlinear glosses; every substantive run present under the marker in order (see RESEARCH_ERRATA.md T)"
yg-j1-wuxingxing,yuguan-zhaoshenju,https://github.com/kanripo/KR3g0044,0fa9edb26dc77e9068a7dbf8af9ce6844ea96d74,17b56dac2b3946af53707a20cecb42e956eff7a88b8e9b806a35ea19f95ad9f3,KR3g0044_001.txt,卷上,(呂洞賓賦),<pb:KR3g0044_WYG_001-4b> to <pb:KR3g0044_WYG_001-5a>,base-text,"人有金木水火土之象有飛禽走獸之倫金不嫌方木不嫌痩水不嫌肥火不嫌尖土不嫌濁似金得金剛毅深似木得木資財阜似水得水文章貴似火得火兵機大似土得上多櫃庫似禽者不嫌瘦似獸者不嫌肥","Human beings have the images of metal, wood, water, fire and earth, and the classes of flying birds and running beasts. Metal does not object to being square; wood does not object to being lean; water does not object to being stout; fire does not object to being pointed; earth does not object to being turbid. Resembling metal and obtaining metal: firm, resolute, deep. Resembling wood and obtaining wood: resources and wealth abundant. Resembling water and obtaining water: literary distinction, noble. Resembling fire and obtaining fire: military strategy, great. Resembling earth and obtaining earth [text reads 上 for 土]: many storehouses. One resembling a bird does not object to leanness; one resembling a beast does not object to stoutness.",2026-08-27T02:16:47Z,VERIFIED,"contiguous byte-for-byte match under the claimed <pb:> marker"
yg-j3-santing-pingdeng,yuguan-zhaoshenju,https://github.com/kanripo/KR3g0044,0fa9edb26dc77e9068a7dbf8af9ce6844ea96d74,3631ca4efadab24550d72543b2d282627f67ebe0b48dc855977e65479994abd2,KR3g0044_003.txt,卷下,(詩曰; adjacent to 鴿形),<pb:KR3g0044_WYG_003-13a>,base-text-verse,"詩曰體秀行藏語媚端雙眸明媚衆人歡三停平等能和美官髙財足志多般","A verse says: body fine, bearing composed, speech charming and correct; both eyes bright and winning, delighting the crowd; the three sections equal and able to be harmonious and beautiful; office high, wealth sufficient, aspirations manifold.",2026-08-27T02:16:47Z,VERIFIED,"contiguous byte-for-byte match under the claimed <pb:> marker"
tq-j1-shierdgong,taiqing-shenjian,https://github.com/kanripo/KR3g0045,b3e5b69beb95f575bb47e9eaed1e6aadd23bffe5,c8f0b607e00a9e2d02bf788dc2c6c820714351228f8ec820cbf389861ea0ed3c,KR3g0045_001.txt,卷一,成和子統論,<pb:KR3g0045_WYG_001-17b> to <pb:KR3g0045_WYG_001-18a>,base-text,"或曰面有十二宫印堂為命宫天倉地庫為財帛宫龍虎額角頭為兄弟宫日月角為父母宫三隂三陽為男女宫懸壁為奴僕宫魚尾為妻妾宫神光年夀為疾厄宫山林邊地為遷移宫正面為官禄宫精神地角福堂為福德宫相貌則總而言也取形之理分三主九曜十二宫之法無以易此","One account holds: the face has Twelve Palaces — the seal-hall (印堂) is the Palace of Life; the granaries and treasuries (天倉地庫) the Palace of Wealth; the dragon-and-tiger and the forehead corners the Palace of Siblings; the sun-and-moon horns the Palace of Parents; the three-yin and three-yang the Palace of Children; the hanging wall (懸壁) the Palace of Servants; the fish-tails (魚尾) the Palace of Spouse; the spirit-light and year-longevity the Palace of Adversity; the mountain-forest and border-land the Palace of Travel; the frontal plane (正面) the Palace of Office; the essence-spirit, earth-corner and blessing-hall the Palace of Fortune; the countenance (相貌) is spoken of as the whole. In the principle of reading the form, the method of the Three Masters, the Nine Luminaries and the Twelve Palaces — nothing can improve on this.",2026-08-29T04:49:24Z,VERIFIED,"PROJECT-OWNED ADDITION. The literal string 十二宫 (宫 = U+5BAB) occurs twice in KR3g0045_001; this occurrence heads a full 12-slot enumeration. The dossier §7 grep used 十二宮 (宮 = U+5BAE) and returned zero — a Kanripo-normalisation false negative. Slots: 命/財帛/兄弟/父母/男女/奴僕/妻妾/疾厄/遷移/官禄/福德 (11 named) + 相貌 as concluding summary; NO 田宅宮. Matches heritage-twelve-palaces-taiqing / the twelve-palaces-constituents disagreement in the repo, now byte-pinned."
tq-j3-xunzi-explicit,taiqing-shenjian,https://github.com/kanripo/KR3g0045,b3e5b69beb95f575bb47e9eaed1e6aadd23bffe5,fd37503591c2a4cf1c8f0d3926122c9c2f0cff84119ca064b4c09bd52e98357b,KR3g0045_003.txt,卷三,心術論,<pb:KR3g0045_WYG_003-2b>,base-text,"察其徳而後相其形故徳美而形惡無妨為君子形善而行凶不害為小人荀子曰相形不如相心論心不如論徳此勸人為善也又言其徳為先矣","Examine a person's virtue and only then read the form: thus one of fine virtue but ill form may still be a gentleman, and one of fine form but vicious conduct is still a base man. Xunzi says: reading the form is not as good as reading the heart; assessing the heart is not as good as assessing virtue. This exhorts people to do good, and again puts virtue first.",2026-08-29T04:49:24Z,VERIFIED,"PROJECT-OWNED ADDITION and a VARIANT. This is the EXPLICIT 荀子曰 citation, ~20 lines after the unattributed allusion at tq-j3-lunxin-zeshu (003-1b). The Taiqing witness reads 相形不如相心，論心不如論徳 — it does NOT quote 荀子·非相 verbatim (received: 相形不如論心，論心不如擇術). Both clauses differ. The玉管 witness (KR3g0044_002, <pb:KR3g0044_WYG_002-11b>) reads 相形不若相心，論心不若論擇術 — agreeing with Taiqing on 相心 but not on the second clause. Keep SEPARATE from the tq-j3-lunxin-zeshu allusion; do not merge or cross-upgrade."
